./hw00.html,第0份作業,svg/THREE.js,./resource/hw00.gif,LAB 00,地支
https://ntut-cg-lab.github.io/cg2021f-hw01-95leohuang/,webgl loader ttf Three.js Transform,ply/THREE.js,./resource/hw01.gif,LAB 01,子
https://ntut-cg-lab.github.io/cg2021f-hw02-95leohuang/,眼白邊框標定,MMD/THREE.js,./resource/hw02.gif,LAB 02,丑
./temp/hw03/index.html,眼珠移動,MMD/THREE.js,./resource/hw03.gif,LAB 03,寅
pause,pause,pause,pause,pause,pause
https://ntut-cg-lab.github.io/cg2021f-hw04-95leohuang/,LAB 04,LAB 04,./lab04/04.JPG,LAB 04,卯
https://ntut-cg-lab.github.io/cg2021f-hw05-95leohuang/,LAB 05,LAB 05,./lab05/05.JPG,LAB 05,辰
https://ntut-cg-lab.github.io/cg2021f-hw06-95leohuang/,LAB 06,LAB 06,./lab06/06.JPG,LAB 06,巳
https://ntut-cg-lab.github.io/cg2021f-hw07-95leohuang/,LAB 07,LAB 07,./lab07/07.gif,LAB 07,午
https://ntut-cg-lab.github.io/cg2021f-hw08-95leohuang/,LAB 08,LAB 08,./lab08/08.gif,LAB 08,未
https://ntut-cg-lab.github.io/cg2021f-hw09-95leohuang/,LAB 09,LAB 09,./lab09/09.JPG,LAB 09,申
https://ntut-cg-lab.github.io/cg2021f-hw10-95leohuang/,LAB 10,LAB 10,./lab14/14.JPG,LAB 10,酉
https://ntut-cg-lab.github.io/cg2021f-hw11-95leohuang/,LAB 11,LAB 11,./lab66/66.gif,LAB 11,戌
https://ntut-cg-lab.github.io/cg2021f-hw12-95leohuang/,LAB 12,LAB 12,,LAB 12,亥